date,pv,edit_count,editor_count
2020-12-07,15355,2,2
2020-12-08,10324,1,1
2020-12-09,7785,0,0
2020-12-10,5648,1,1
2020-12-11,5242,0,0
2020-12-12,6219,0,0
2020-12-13,9444,2,2
2020-12-14,11207,1,1
2020-12-15,5850,0,0
2020-12-16,5101,0,0
2020-12-17,4390,0,0
2020-12-18,6877,0,0
2020-12-19,7195,0,0
2020-12-20,8285,1,1
2020-12-21,5552,1,1
2020-12-22,4048,0,0
2020-12-23,3613,0,0
2020-12-24,3707,1,1
2020-12-25,3453,0,0
2020-12-26,4189,0,0
2020-12-27,6613,0,0
2020-12-28,7605,1,1
2020-12-29,5861,1,1
2020-12-30,5142,0,0
2020-12-31,5560,0,0
2021-01-01,6982,0,0
2021-01-02,8545,0,0
2021-01-03,13102,1,1
2021-01-04,9656,0,0
2021-01-05,11401,0,0
2021-01-06,4047,0,0
2021-01-07,3723,0,0
2021-01-08,5275,0,0
2021-01-09,5178,0,0
2021-01-10,7792,0,0
2021-01-11,9033,1,1
2021-01-12,5787,0,0
2021-01-13,4710,0,0
2021-01-14,4428,0,0
2021-01-15,4798,0,0
2021-01-16,5720,0,0
2021-01-17,8254,0,0
2021-01-18,9258,4,4
2021-01-19,6774,2,2
2021-01-20,5191,1,1
2021-01-21,5064,1,1
2021-01-22,4647,0,0
2021-01-23,5863,0,0
2021-01-24,8042,1,1
2021-01-25,7468,1,1
2021-01-26,5922,1,1
2021-01-27,4962,0,0
2021-01-28,4822,0,0
2021-01-29,4753,1,1
2021-01-30,5140,0,0
2021-01-31,7093,0,0
2021-02-01,8536,2,2
2021-02-02,5905,0,0
2021-02-03,5687,0,0
2021-02-04,4573,0,0
2021-02-05,5370,0,0
2021-02-06,6113,0,0
2021-02-07,7876,1,1
2021-02-08,7844,1,1
2021-02-09,5635,0,0
2021-02-10,4181,0,0
2021-02-11,4752,0,0
2021-02-12,4137,0,0
2021-02-13,5463,0,0
2021-02-14,6582,2,2
2021-02-15,6231,1,1
2021-02-16,4707,0,0
2021-02-17,5091,1,1
2021-02-18,3962,0,0
2021-02-19,5425,0,0
2021-02-20,6153,0,0
2021-02-21,8766,1,1
2021-02-22,8220,1,1
2021-02-23,6943,0,0
2021-02-24,4418,0,0
2021-02-25,4081,0,0
2021-02-26,3807,0,0
2021-02-27,4542,0,0
2021-02-28,5571,1,1
2021-03-01,5132,1,1
2021-03-02,5098,0,0
2021-03-03,4304,0,0
2021-03-04,3305,0,0
2021-03-05,3679,1,1
2021-03-06,4601,0,0
2021-03-07,7265,1,1
2021-03-08,7661,0,0
2021-03-09,7265,0,0
2021-03-10,4345,1,1
2021-03-11,3398,1,1
2021-03-12,4316,0,0
2021-03-13,5636,0,0
2021-03-14,8025,2,2
2021-03-15,9342,0,0
2021-03-16,6581,4,4
2021-03-17,5363,0,0
2021-03-18,5336,1,1
2021-03-19,2904,0,0
2021-03-20,3658,0,0
2021-03-21,6530,2,2
2021-03-22,6625,4,4
2021-03-23,6667,0,0
2021-03-24,5698,0,0
2021-03-25,5651,0,0
2021-03-26,5125,0,0
2021-03-27,5746,0,0
2021-03-28,13038,0,0
2021-03-29,13761,1,1
2021-03-30,8562,1,1
2021-03-31,7442,0,0
2021-04-01,5722,1,1
2021-04-02,5830,0,0
2021-04-03,7343,0,0
2021-04-04,10074,0,0
2021-04-05,8523,0,0
2021-04-06,6726,0,0
2021-04-07,5858,0,0
2021-04-08,10168,1,1
2021-04-09,6125,0,0
2021-04-10,6630,0,0
2021-04-11,8895,0,0
2021-04-12,8303,0,0
2021-04-13,8755,1,1
2021-04-14,6811,0,0
2021-04-15,5226,0,0
2021-04-16,4364,0,0
2021-04-17,5531,0,0
2021-04-18,4907,0,0
2021-04-19,3590,0,0
2021-04-20,3056,0,0
2021-04-21,3036,0,0
2021-04-22,2842,1,1
2021-04-23,2912,0,0
2021-04-24,3736,0,0
2021-04-25,4143,0,0
2021-04-26,2761,0,0
2021-04-27,2688,0,0
2021-04-28,4248,0,0
2021-04-29,5973,1,1
2021-04-30,4349,0,0
2021-05-01,5263,0,0
2021-05-02,5168,0,0
2021-05-03,5496,0,0
2021-05-04,4368,0,0
2021-05-05,4690,0,0
2021-05-06,3561,0,0
2021-05-07,4296,0,0
2021-05-08,3766,0,0
2021-05-09,3755,0,0
2021-05-10,2714,0,0
2021-05-11,2512,0,0
2021-05-12,2551,0,0
2021-05-13,2397,0,0
2021-05-14,2245,0,0
2021-05-15,2961,0,0
2021-05-16,3123,0,0
2021-05-17,2423,0,0
2021-05-18,2396,0,0
2021-05-19,2148,1,1
2021-05-20,2141,0,0
2021-05-21,1999,0,0
2021-05-22,2516,0,0
2021-05-23,2595,0,0
2021-05-24,2087,0,0
2021-05-25,2056,0,0
2021-05-26,1809,0,0
2021-05-27,1932,0,0
2021-05-28,2101,0,0
2021-05-29,2331,0,0
2021-05-30,2768,0,0
2021-05-31,1913,0,0
2021-06-01,1682,0,0
2021-06-02,1698,0,0
2021-06-03,1716,0,0
2021-06-04,1934,0,0
2021-06-05,2219,0,0
2021-06-06,2378,0,0
2021-06-07,2048,0,0
2021-06-08,2488,0,0
2021-06-09,3001,0,0
2021-06-10,2644,0,0
2021-06-11,2317,1,1
2021-06-12,3194,0,0
2021-06-13,3188,0,0
2021-06-14,2397,0,0
2021-06-15,2174,0,0
2021-06-16,2200,0,0
2021-06-17,2107,0,0
2021-06-18,2145,0,0
2021-06-19,2790,0,0
2021-06-20,2531,0,0
2021-06-21,1908,0,0
2021-06-22,1948,0,0
2021-06-23,2020,0,0
2021-06-24,1856,0,0
2021-06-25,1859,0,0
2021-06-26,2314,0,0
2021-06-27,3301,0,0
